name,spectrogram_code,melspectrogram_code,MFCC_code
Group02_Song1_Full.mp3,87a9695c921749eef0355575f83c78ded87205caf238744b78965d85d0cc2993,878b87ab87a396319631963556355e345e745e7c7c747c747874787468c468c4,f034d237f011b2119483878307cf23cc07c66be40f724f6c4dea4dea6de86f79
Group02_Song1_Music.mp3,aa18556ea2a14d5e96a96cd7832b36d7c8203a67d5993ee6c5a93a64e49a3b68,a639a639a639a633a633863396b6d6b652b65a9658d658d458d459d459d479c4,80a98621b0a1b221b221b23736373cd66cd76ddc49de495e497e4d6e594e576e
Group02_Song1_Vocals.mp3,87a9685c930778b6567571345c75789c5a73a5ca5a7574cb7834cd8d5244a593,858b878387839331d23152355a715e785e6c7c6c7c6d7c2d7a257a65686568e5,8b67972387c3962395cb86ad75ca719c799c79746934683468d8689c68dc68fc
Group02_Song2_Full.mp3,917207a5ee857152ce8d794dea89744dac2d489b6ea57e5fa40440eaea9d5d23,b372b372b324a324aa24a224b255b255b255b255ba55ba55ba57ba55ba35b435,ae85eacdeea5ea45ea5bf895fa5a70b9315c11763176116a137215b205a205af
Group02_Song2_Music.mp3,f874078ba77658b98bc235758aca3574ca8b680697906cbb934c6d4c8abb79e8,b336b336b336b334b274b274b274b274b274b274b254b254b254b255b255b255,93d09662a7c2af52e868e174a52663343635712d783d7cbd58995a9b4add0e8b
Group02_Song2_Vocals.mp3,93726ca548c932574e897b5468ad7c8d246d90bb6c6d7a5f6c05c1fa6e9d9112,937a936a81a8c9a468a46c856cc97c5b7c537c577c477a477a575a1758345d24,95a4c8ca85a888cacadacca16a5a6cb5790d7d35351575257715753576357e15
Group02_Song3_Full.mp3,aad47d49c03317fad0a34e3ee8a175f28296017ecca17d7b7196453c658b143e,aa16aa96aa94aabdaab7abd329d369d368f32ad32ad22a922a922a9b2b5b2951,a803c023c023c032843a907e043e057e0eff2fcc1fcc3fcc3fcc3bcc7fc97fc9
Group02_Song3_Music.mp3,aa546dcacca9366fd1900d7ff1a05f6dc51465a194b6736dcc5a578ca032554d,aad4aa94aa96aa96aa96aa92aa92aa92aa9aaadaaadaaadaaadaaacaab4a2b6c,88148021d421c2a5c2a0daa94ead4fcf0c5f2e7f3e5f325f335e335273da795a
Group02_Song3_Vocals.mp3,8adc3b61541a1bfa792f02ae6c2937f2429a93764da1357b738704b445ab92be,aa1eaa9eca8ccaad6cad7d457d437d637de37ca35cb21c921692169316111551,b515ca9aa50dca96952e0d5616be25f643e927c152a12fe13be13be13b613b61
Group02_Song4_Full.mp3,b5e26babd02c13f0c81d5c6ded0d7752d04d3cd05e1b63dc9361603dea4d1768,b4f6b4f694e794e7d56fad57a496a496a4962496369e341e355a241a249e2694,a404c80cc00dc00cc48ca4bc575e37e017d217f31f7317f32fd337f36fb36b13
Group02_Song4_Music.mp3,9c2a6b79948e73d69a217586aa3148adaed05bafacd4732bac945363b5384ac6,b496b496b496b496b496b496b496b496b496b496b496b496b496b496b496b496,ac168c309c088619880f9c21548d758e75ae75de67d673d273717b714b716b79
Group02_Song4_Vocals.mp3,b5f26fa3d22c37b1480d1c714d4d37d2504fb4d05f0b26dc536924b55a4d9763,90779077d865d96dd96dc96f490f6a166a8e6a8e4a0e5b4a5b4a275a269a269c,a00cd94e80adc94ec48da49c155a2eb117d03fa13f7337a32f9337b32fb32593
Group03_Song01_Full.mp3,810f7792b6a15fc4fe70007db0337e70ef5040d983322e87f6b316c0b37cb92d,a00da20fa21fa21be61bf65afe9afe8a7e8a5ea95eed5c845c105c307c307ca8,fe18f631aa60b221a049b20940cd726d54ad5db65dd64dd609d659965dde49de
Group03_Song01_Music.mp3,b96266b789c85077a5875cf8a33f58c6e2295d90b02f1dd2e83d578aa275986c,ae0fae0fae0fae0fae0fbe0bfe0bfe0bde0bd68b568a56825612541254525452,800fa32da10c9b889bc89dc84bd04956585f7873787178717731747776a776a7
Group03_Song01_Vocals.mp3,800f7fd276251fc47e70802df0337db86f52d88987522e8d769390e57f52a12d,804d804da257e252e352775277d27dc279a658ec58ed5c645d347d307f383ea8,805ba273805ba225c0ade22d5c8d7fa55d841f821dd61fd21dd25fb25dd05fd2
Group03_Song02_Full.mp3,87887fbfea006a56f4243018fa7068377cc4395f9534748b7ba4545f7da0303f,810e810e802e80a682f43af57af47ef07ff17b915b8942ab52ab52ab56a67fe2,fe80f820e000e000e00be10b600b0b4b0b900bd91afe1fde1fdc1fff17ff3fff
Group03_Song02_Music.mp3,82a83fdfd5007ab5d5086c73b50e791f9f0574b78cca79158fa260159ee0605f,80ab80ab80ab80ab82aa2fe03ff03ff03fd03fd03fd06bd06b467b447f447fc4,9708952894289108f0307131693168b26ab22ae72af76af52acd27ff27df1fdf
Group03_Song02_Vocals.mp3,870f70a16ecf6e5262e631d95a72783764d4394b933464cb78959e6e68b1386a,8f4c8f4c8f44aa549ad47ad572f5727270f158b952a952ab52ab52ab54aa74aa,83858ad48f448f478d4b1d4b766f7b4f799d7199747874b870b870b870a270e1
Group03_Song03_Full.mp3,981a7b8771c54c28af814e3ae0fd0df182a143d0f40d3f8ec6350efb37e141fb,b22eb22db2259225b625b225b265b245b645b645b645b745b74db74da64db255,f2e5f3c1f781f7e1b3df33df2dda7ffa69544c160c280c380c1c0c344d0a1b82
Group03_Song03_Music.mp3,974768b08e8d33f2cc147fb3b3400cbef3440c92f2e52d3ed2e30999b66449db,934d934d9345b365b364b364b264b264b265b245b245b245b265b665b66db66d,b66cc245ce5f8e0982858c8f0d1c0f3e372733e13bf431f231f271f079f06c72
Group03_Song03_Vocals.mp3,b81a1b8771e54c0837814c3a74fd0df316a163d0748d2b9a56b5ae7b71c9c47e,b03ab032b0b492b5d6a1f281768174456d456d4d7d4d4d694d6b4f5b4bd34bd1,f2a1f2a1b2e1f3f5f3f673d673d6695a4d564d1e4c2e0c280c0e0c0e0f8a0f8b
Group03_Song04_Full.mp3,944d5fbfe8827ed7e11269cecb126332f0b26b5bc092776a8912524de992136d,906d90ed90e590e5b0e5b0c5b0e490e498c89f481f380f3a0fba6fba6fba6fb2,89128012c002e002e048724963496b496fcd2ccd3efd1efd1ffd1f7d1f7d1d3f
Group03_Song04_Music.mp3,e1421fbda0804f5e90246bb3962c6bed960c77af8a5476b38d0c77d38d2c7256,b142b142b142b142b152b152b152b112b9729f3a1fba1fba1fba0fba0fba0fbb,860884008000b0a2b0a370a361a369a369f36b576f5e4f5e5f5e5d7e5d7d5f7d
Group03_Song04_Vocals.mp3,966d69b28acc72927992795a6b12633275b26b5a74b2714a6a66db6d70929369,96ed96ad96ad96ad96a594a596a596a596e99ac98b096b1b691b691269526952,8e4d9e8d9ecd9e4d9f49996b59aa736a6f22655670b261b661b261b261326132
Group05_Song1_Full.mp3,a0106f2ed5ab3c707bca543cd2a33f7f5c9a61635b9c494b54e215347b965c05,a2a0a2a2aaa28a8a8a9e0b9e1f1c1d1d755575717571756175616d634d734f77,df8adf8adfcafbcbf1e3e1eb275d27ff2575143c1c1c1c1c003420642074203d
Group05_Song1_Music.mp3,ab564d27d6992e6ed2885d7fd4a15eb9d5a3560ed4a1161cd4a3492ed6a1482d,aadaaad2aad2a9d2a5d2b551955555656d256da56d29b929512d5d2555355515,d481d291d091d298d294949e1a5c1e5e2f5e2f6e2d672d672d6e2d6e29672963
Group05_Song1_Vocals.mp3,82a02fdc29671d912b5ad4aa45622d555e9a61651b9c29555deab7556f567447,c0a0c2a28aa28a8a8a9e0b9e0f9c1f1d355d75717571757135732d732d730ff6,88158a8a98aac14ba165616765776757753556b85e985e9854a876c476d576de
Group05_Song2_Full.mp3,80024022bffd58d50ffd7822d1327ffdd8877f0d007a2e2cd81b3beb053b7862,a620a220b2229232923292f293f21bf11bb91bb91f3d1d2d1d2d2f3d6b3d6f3d,807b8459effdaf7dbf7daf7d3fdd7fbd5f0570a2708250825082508240826282
Group05_Song2_Music.mp3,9ff94064b0125d4f82007df2c6c777b0a44e5bf1a40e7232c826765f88e57f9b,93399339b331b333b333b333b13393339333933293329332b332b33233723372,80028006e4c2a682b610b73033305bf17bf15fbd7def5dff4eef4aed426c4264
Group05_Song2_Vocals.mp3,800277fa077d7ad12ffdca2a91306ffd58816f0c19592eac5bd93b624519b066,a402a402a002b202928292d25ad25bf85ff97fb97dbd6d2d6d0d6f1d6f1d6f0d,910990018105855da57d2f2f6eef6e6f664f5aa05a825a827a927bd27bd27bd2
Group05_Song3_Full.mp3,81146bfefe813feb7f2050ebf0837ea86a2825bb7ea12ff0698304b0ab987443,955795569454855481548154a154ad5c2dbc29ac29ac69bc78bc7cfc7cfc7ebc,a100fb00fe00fe80fe00b700be5054fb0bfb40ff00ff01ff01ff01ff03fe0b7e
Group05_Song3_Music.mp3,82406faf81163bf8d5033e7ca720d45383c47a3de9a234fd79217fa0819e7e71,9554955495549554855485548554855ca15ca9fca9fca1fce1fce8fc68fc69fc,810481019004944496009503d09b50fd2aff6afe2ffa3ef82ef87ae97feb7deb
Group05_Song3_Vocals.mp3,81577af87e832ee96fa4d0c3d0c17fa86a2885837ec92f307ecb80947a68f487,80578057c057c05582550b542b742f7c2fa82fa83baa7faa7e2b7e237ea27ea2,8009c001d405d502d5a205a62fb43fb25afb52fb7a5d2a5d2afd6afc2afc6bb8
Group05_Song4_Full.mp3,a6aa2b17d37a6d555dfb255494297f57e1803abb6dc411e0653169d5ee2b0304,c22ac22ac02ae808ed08cdc0cdc0cdd0ecf2fcf6bcf6a4762476347f14fb15fb,ddead5aad5ead23a962a93fb1bfa3ff23a352e1521442144200524156fd729d5
Group05_Song4_Music.mp3,feaa5bb7c4aa3b54c5013b5545d84445bb7e2a958aaa15d445f32715cde028be,ecaaec2aec2acc2acc6acc6acd6ace62de62d672d63196319677907710751075,c4abc4aac4aac4aac488840495c76fc9797519753b773b763b566f556e152a15
Group05_Song4_Vocals.mp3,80152948bb724cff7dff840491297ff7e585923b7dc4d22b6404ddf37a1b8300,922f922dd201f2017b803b801fc06dd06df72cf724f6647e647e657a25ea2dea,ffcb91c1fff7de3fda3bd27b5a327a3f221a2d1c05c405c004c900886def00c5
Group07_Song1_Full.mp3,8e54573ba9cf6ad5b1a85d33b0cc4d139669699396ac0db3f1c86dbb96446230,aa54aa54ab5cb1ccb1ccb8dca8d4a8dca8dcb8ccb9ccb0ccb2ccaadcaaccaacc,90c8904990cc8149e980e9922d966d1a6f565756563556355ef57eb77733573a
Group07_Song1_Music.mp3,a8fc5703b0fc4d03a2fc5d2392cc693397cc683397cc693396886b7794886b73,a8dca8dca8dca8dca8dca8dca8dca8dca8dca8ccb8ccb8ccb8ccb8ccb8ccbacc,90cc96cc92dca2fcaa7c687c69546c137c835da35d8357a35723572357235723
Group07_Song1_Vocals.mp3,8e14573be94372f5798a167070ed8d9b5139af9b51288f89716aadb95266e284,8e568e56d328512b51eb54c32cd7a8d528e531a971a957aa569a4e966b5c6b4d,e080e9018982c90be982e9838cc61f7b12fc527c567c167d16fd36fd16fd167c
Group07_Song2_Full.mp3,a5016fcfd2d2127decf83dfcc2df5a704f9212c05b325f0858fc52fad80c1874,a120a922ad92ed9aa97aa96aa96aa96aa96aa96aad6aad4aad6aa96aa96aad69,c85ad290d29090d29290b068b8143df82d2c2d2f2d2f276f276f2f6d2f6d6ded
Group07_Song2_Music.mp3,ad256d69d2925db6d25956b6d8595296d2585696da4854b6da5412fdd89616d1,ada2ad22ad22a96aa96aa96aa96aa96aa96aa96aad6aad6aad2aad2aad2aad2a,d212d210d210d29092d0929e36a632863fae3dee2d6e2ded2de96de96d696d69
Group07_Song2_Vocals.mp3,92015f96ad49a56d68fa29e84e97b8684f96b8494737bb085cfaf0513d2a587c,a169a36a4792479e479d21fdb13550a152a938e93cf97c57585638723972ad69,a148c8d1b200e94ad294ad69da163d69321656bd17bf47f216a717a617a757ae
Group07_Song3_Full.mp3,80a37f5e810253a3ae5c7b3cbb590483fe493f4cde782e547bfc41a34e503354,958395838d512a596a796a798eb594a58ca9ccc949d909d19bd697969716b73a,9d50ee79bf58be50abd5a54e008701a300a640a340ab51ab5fab7fab5d8f7e4c
Group07_Song3_Music.mp3,aed95126b4d16b2e9ce9271cd8e226cfd1b3264dc3353c6cc1b37644c5513aac,9c919c918c918c918c918c918dd19dd19dd19dd39dd39d939d939d939d919d99,91a3c8e1d8f1bce1beec2edd2659265f271f271f631e43364b264b264922592a
Group07_Song3_Voclas.mp3,80a33e5c812253996f5c7e782b5994a26e491f646e792ed47afc81a36e6c9356,95839582a1486a586a786a7d5aad56a54ead48ed48c94bdd1ad69696b716b72e,810668d1810a9506c8d1b52ad2976f2953b456a97e695eb17e997fb93e893e5c
Group07_Song4_Full.mp3,88734077d6a0721c77645c629da67589f21e7f087f1c7f0863e47d00fbc45cd8,a2e5a2e582e582e483e582e582e582e582ec8bec8aec8aad8aad9aaf9aee9aee,92e4ffe4f784ffa8ffa0fd8069813f412ad5005f087f007f003f007f227f007b
Group07_Song4_Music.mp3,aa5577fcd4835cf2f7a85003d7b851139eef4108f2af4c20d7ea54a1d2fe5c00,aae5aae582e582e582e582e582e582ed82ed82ed82ed82ed8aed8aec9aec9aec,d0ecd5aad689d590d400d9004011417129576a572a572ee72f772f7e3b7d277d
Group07_Song4_Vocals.mp3,80bb0023ebc4221d7f441ffa9d866489551cafc37f58ff8063f43d027a4515fb,a0af80bfc05e5174796c7b6d3be93f513f503f502f600fa91ea31ca31c8394d2,fd177fe8f756dde3e7fc3fd0c9bb367162bc1033003b001f000f003f002f50ab
Group08_Song1_Full.mp3,803653ffff0005f17e8628bb7f007fa47c0f7d433f0b68e0789578f07800747a,8f0e8f8e978ed685d695d6958a958a968a9a8b4a974a954ad76ad6aac28aca95,fe02fe00fc00fc00ff00fe80f0816c9001ff01ff01ff01ff01ff01ff03ff02ff
Group08_Song1_Music.mp3,80954bdfbf0027a2ff2b35b77e807d523f0b522c3c275570ad2b65e83d0150e6,869e869e869e969e9e9e9e9a9e9a8e9e868e868e868e86869696969296929e9a,bf02bd00bc00fe00fe02fd00d051151802ff03ff00ff00ff42ff42ff42ff43ff
Group08_Song1_Vocals.mp3,872e70e26f89e87c74d48b4b870d6ba554fe2953574a68ac70d59b8170f6255a,ad2bad2b952b554554d552956a952a94aad2a95a954a556a556a55aa6aaf6ad5,807ed68c8e94c68d1d096b856d29697169696b73976ad47e907eb476317270f0
Group08_Song2_Full.mp3,885b1f118fe8700377f2708fcf6866a375b47485b6966901706e6be96c9e6187,8f798f798f798d7c8d7c8d788d788d788d788d788d688d388d288d288d688d68,8c7ecbfa8bfacbf08be8c3ed25e87287349f30157016781b6809741574177417
Group08_Song2_Music.mp3,805f7f81bfd000fffe0160b7fff878858f707425cd6c6b008e784d61ea0a07f0,8f798f798f798f788d788d788d788d788d788d788d688d688d288d688d688d68,9e309f78dfd0ffd0dfd0af758b7e6005000f20bf00ef01ff602f102f700f700f
Group08_Song2_Vocals.mp3,9e3843d4092df41f61f2faca482d373b709631ee36967f6b7086fae84584600f,8c488c68c96dcc3454b644b16ba9b69b36db735b6157659621b273a972c952d7,b417ca268d2b4a65afe84be90fe843fd25987004f4977017794b701f75d457d0
Group08_Song3_Full.mp3,e09a1d67a4641bdf8d6552fa8d2552da0d65525a0d6552db1d6542df0fe5405f,e8aae8a0af80bf80bf80bfe0ffe0fe78fe10fe017f015f005e405d505f505fc0,ad64ad25a525a405a608d26852ba5a8a5a9a5a9a58da599b59db59db59db59db
Group08_Song3_Music.mp3,fa1a0d25a7e41a5fa5a45adfade452dfad2052daade452df8de0105f8d2000cf,bea8bea0afa0af80bf80bf80ff80ff80ff80ff80ff807f005f405f405f405f40,a520a5e4a524a5e4a6e0d2de5a9f5a8a5a9b5a9b5a5b585b585b595b59135917
Group08_Song3_Vocals.mp3,e0ba1fc5f81f0fc05f41b880470fbdf01fc5782b1f550fe05f51a0ae1f45c03d,e0a3e0a354071f541fc41fe00bf8c078dc1f5c1f7c0f7c073bc21ff817f851f0,e01ac21fa0b6501fa03f78793c7839f11f411fc01ff40fc10fe21fe71fe01fe0
Group08_Song4_Full.mp3,a08a7ba6dd650458dff52112ff5524d1dbef0145ff2c21656fd6004d3fe04b09,8a689a289e289eaa9faa9fbabeb2ae51ae51be599e499648d60ad51ad5108d55,df74fffcdfef9f79945d8015002b00c32083009a009a238e238e3bda3fea7bb6
Group08_Song4_Music.mp3,aaab5b0e95736a85dd5824a3df5401a3ff55013dfdd5106bdf544065f790104b,beaa9ea89ea89ea89ea89eb89eb89e389e789e789e5896589650975097509750,d754df549d7d9579957fc02b00fb00fa249626a32a836a876a9c6b1c6b0c7b0e
Group08_Song4_Vocals.mp3,94107be7aa2d94da6aa5e4127b6b3e5143aeae5555aaaa554ff6a0086fe58b08,88458845db2e51aa55ba75ba2dd32fd5ae55ae45be49164a548a55ba6d9a2995,8a052bb9802ead99ba0dac955a283ed5415554d6516a51ea61f575d255ea75fb
Group09_song1l_vocals.mp3,ad0a26d113e55c2a3eeddc3ac2a55d7e51b3a56d5c3149645a99a75559299781,a7cba7c9e685d495d49554ad72ad7aad382e3d7a0d7a0d7a097a097009721974,dba5dba5dbe5daa5c16dc3ed056e5d6a5c3a5c1a7c1a7c12341a2c1a24582659
Group09_song1_full.mp3,a68a26dba1f55c3ebdfd5922f2cd496a5135496c5c315b6f148359491931d9a4,a6cba6cba691b691b691b69db6ad32ad364a354a355a355835783170397039f4,b4d590b5c9b5c9b5c977c96ddb6d4f6a4d2a560a768a368a360a369a265a264a
Group09_song1_music.mp3,86f97f6ffd14635dc9146365bd5a49e4265c48922bce681007ef598e8d70692c,a6d9b6d9b6d9b6d9b6d1b6c1b6c1b6c1b6c1b6c1b6c1b649b449b401b411b411,a55a8d30ed16fd32d994c1b0dc954ab24ab502ed32cd3649364b36eb12eb13eb
Group09_song2_full.mp3,9f8f0be2e26274d9c3263499d56a70546ce1032e6bbb7976f49117486366786c,8b068b06cb22cb20cea1c6a1e688f688f688f6c5f6c4f6a4f6acf6acf4a8fce0,e7e0e060ea66c0268266b02e303e32dd32d530993c991dd90ddb0fdf0f9f0fb7
Group09_song2_music.mp3,f81e47f7912d3ade852b7a66b2d109ea972c78f5858e1251cd82587599992656,f624f604f600f600d600d700cf00cf81cf81cf85cf85cfa5cfa5cfa5cfa5cfa5,8781870994ac920d926d9a21843939e279ca69ae78567ad67ad56ad76dd74733
Group09_song2_vocals.mp3,878978aeea737479ca663499456a72556ce38f4e6ab17d6e3091870a7265592c,8b078b078b27cba1caa164b974f874d874d8345c34ec34ee34ee34ee34ea746a,8067c4a38e4786228a76c57e761d715d7791719d7199759979987998789c788c
Group09_song3_full.mp3,8c310f1cf3c77140efcc6588ef8f70c251cc76f2778873ab73e3622973c104f0,9c739c739ce99ded9dcd98c39ac35ac33ad332d33253701e705c605861586359,f1cfffc7fbc7e1aabc23f0f370f3707370f31672047804180e1c0e3c0a1c0f1c
Group09_song3_music.mp3,98e3471cbdc70d18f7c772928e147439a6316b2dbf41042eb7d56307975261bc,b8e3b8e39ae39ee39ee39ac39ad19ed19ed09e54887c883c887c887c807c817c,9e55bfc3bec3f0c3fcc7f0e3f9e378e371ea3412093804380f18473c431c471c
Group09_song3_vocals.mp3,8e3c798d71ba71c789886ce749e972c655ccb6b2758e73e3682a8869638d8c70,8e308c308c3c8d2ccd0c49cc71cb72cb72c372d373d373d371d3715973597349,88189d18993c9d189937a0f07477766666d366c766e766c562c56acd7a8d780d
Group09_song4l_music.mp3,80007effbf8c77fdef1853aaee18637cf3206fd42f2b661039c26231bd406029,9886988698c69cc69cc698ce98ce98cf98cf9cce9cce98de99ce99c699c69962,9800ab00e700e306e694e20cd15c54d459fe19e657ab54bb1d710df56ffb5a7b
Group09_song4_full.mp3,80007fffb9ea7fdef0a12514738c66393fcd40313fc471ab3e9c62007dee4211,90009000918699ce9ece3cce3bea1beb1f7316731cf33ceb1cc91ce93dc939cb,99ca9984f108d088802a900b801a44b20cbd2ed52f553fd52ff51ef76ef76eff
Group09_song4_vocals.mp3,84107ff7d9eb3bc6d0a3a41453ec6e192fcd80337fc439ab068d88487bef8252,80109110d18c53ce7bce7fee7bea7b62077306312e316c616c296cb96cd92ddb,802ad08d910ac089802bd1abb93a2d732eb526553ed43f442ff42ff53ef46ef6
group12_song1_full.mp3,b94a56dbe4a51b5ac4813974c42574ade93665a7ca9644adcb7476a7cb2611b4,ab5aab5aab56ab54ab54a954a954a954a964a966a966a966a966a953a953a95b,ec24e425c4a5e4a5e4a5e4a575a539a939fa39583b5a3b5a1b5a1b5a1a5a1e5a
group12_song1_music.mp3,a9405ebea4a12b5ad28475e98b4a35f5da0c25a39b5c65a7da5d25ab8b5456a9,ae5cae5cae54ab54ab56ab56a956a956a976a966a966a946a942a94aa95aa958,894888009008d481e4a1e4a725a7257325f32dfd3f793b7d0b5e5b7e5b5e5a9e
group12_song1_vocals.mp3,9b5a66d346a56ad654a9a95444a556ac2d3656af64b656ad255656ad6526a956,9b0a991a9153b1752565655564956c956eac66ae66ce26c65676573345336db1,b937a9549d2795af56a956a956a552996a522b54ab56ab526652664a56ca66ca
group12_song2_full.mp3,a0ff340bc2c47ac0d70a46827f757c605f375b007db145c43f355f286f715325,80f583f58391ab81ab81aad1aad1aaf5aaf5aad1aae1aaa1aaa1aba1abb5ab15,abf5dff5d324cba4d0c0d3246ac874d228d62cd729172d17295738177c5b340b
group12_song2_music.mp3,abf528c5948b755a80e87f3280ed150aca7c750ad1fb560ac9dd55a295ef570a,aaf5aaf5aaf5aaf5aaf5aaf1aaf1aad1aad1aa91aa91aa81aa81aa81aa81aa81,83fd81ebd4ead4aad52ad62a762a36137f177b157b546b542b542bd42a846a04
group12_song2_vocals.mp3,80ef7f0a6bd42ee4571a80d67f016c7457225b957d01c9d437616b3c7e528335,81fe81be9703970337833cc23c403c457c657ce178e96a694b294b2dcb3dcb3d,833d94e9833d8b3c68d78b346adc78d06c343cc2752275827cc37d237c9b7c83
group12_song3_full.mp3,af0e5afbfff13080f3fd5861e2587121d3987076a5397860d63870e0cb5e50a3,8f1c8f1c8f1c871c871c871c871c871c871c8f1c8f1c8f1dacbdacb9acb9acb9,afbde7bdeff3fbf3f1f7e5b7b66f5a2a0a0221591c890888080e0006240c58af
group12_song3_music.mp3,a30c18f3adf152809dfb7881d8ff74a48b5765489ad671c19efc71a19e3a60a4,871c871c8f1c8f1c8f1c8f1c8f1c8f1c8f1c8f1c8f1c8d1dac9dac99ac99acb9,9eff9edbedf3e5e5e5a5e5bc272d67386308420c5a845a4e5a4a584a1a4a18c2
group12_song3_vocals.mp3,8ce763ac58dfa50442d8bc2372d865775ab8a77674398d74529ab464635f9431,98e39ae3daca76c964c9645955d9759d351521562b36bb26a2242aacaaab8eb3,9e029a829a529af29d5798fb10ff41ff61c7650d75216528651c67a8652d65bd
group12_song4_full.mp3,81d803c1fe27709c4f474e07783b7c705f0b78a247e97c7678437c0674746c5e,a195818599a99989918991b9b9b8b9a8b9a8b9b8b9b8b9b8b999b9d999d199a9,b921ff3ffe2ffc75acb7fc27bca33cf330f003cd0398039803dc01d803c803d0
group12_song4_music.mp3,b0f84bc3ff3364cccf677c12c70f7416c707644e07337cefe606740664126466,b1b9b1b9b9b9b9b999b999b999a999a999899988999999899989998999899989,9311c723c723e733f737fc7938f1389838fc34fe2cdc2ccc08cc0acc0bcc0bc9
group12_song4_vocals.mp3,870564b2ecae31f14e0e9cc57a7a78705ac8b8aa5369b8325b59b8ba5e6498db,87478747c747c70dc70d653c6dba78ba38ba38ba38b838f039d1195131553975,e80e8fcfca8ed80f8feaf806e82e0fe1701503f13551317037f13331777135f0
Group13_Song1_Full.mp3,807f7807e7f14d30ffcc7e007f304dc07f304dc47b815bc04c747f8076274fb0,a0ffa25fb65db659b651b64db60db601b011b018b60db60fb60fb24ab668a4e9,f400ffd1cffebff887feefc03f8000cf24070077303b4823382f102f780f780f
Group13_Song1_Music.mp3,b27f380fcfd17b20c6f94980c9f84fa0cdaa4bf1c5824db14da84f90dc234ddc,b64db64db65db64db64db64db64db64db64db64db24db209b209b209b209b00a,c502c5f0c5d8c7f1cff1cfd14fd136d13645330e390e382e382e382f322f382f
Group13_Song1_Vocals.mp3,81f35b82723fa0317b8c74693f21c8c03e5985ce7a857bca6c3d3f82331f8e31,c1fe81ff37193e117e71648467865c80189098189f0e370f372737667ef06cf9,cdff3e0dc9ffbf688b1ef8ea3f0e40ee361440d706354491065145954d9543d4
Group13_Song2_Full.mp3,80007df5a00a0fff74b47a4d598e3ff5606839747b0b6ff018087ee17a1c5aec,a602a602828b828ba68ba71aa73a86ba97ba951ab51ab7bab7ba97ba953a873a,802ac208c028e2008020a762266227f7074f1f8d2ecf0fff1fd759df7fd57df5
Group13_Song2_Music.mp3,a68379d4d0082fe7d018366fd911364dd9186aedd1217a65d8b07a65d8bd78c7,a6aaa6aaa62aa63a863a863aa63aa7ba873a973aa63aa63aa63aa63a863a973a,d0009000d800e808d808b20e6665268b266f27ef27e727f72ff72fd72fd73fd7
Group13_Song2_Vocals.mp3,800125e227c31dbb67f55a8d6bac3d3466ee95127b1e25723f4d7082761f586a,a150a050d2855a8d6a8d6f4a6d624ce254ed15cc355635d657bb15bb1df30d7b,85726acd89327285a5305b05ad5a7d50355815bd58ee4cfe14af156e54bf4dc6
Group13_Song3_Full.mp3,871b0f9fe0480c7d707070e671e67a6970e64c5c71e678dd4f8e783071f67062,8d09a91eb166b166a5a425b525b521e2ad0bad99ad59ad6bad6bad99289d722c,e102f0c0f040f040f040f050f87038390f4f0f8f1f2f0fbf0f9f0fbf0fbf0f9f
Group13_Song3_Music.mp3,b1330ebccc487b7bce8c7973ce9e517ace4c5394cc4c54ab4d9c5c53738c48c0,b923b923a922ad60ad4cad4ead4fad4dad0dad21ad21ad20ad23ad2fa53fa037,cc0cce88ce08cc08c848c0c9f1633173317339733977397333b733b737b735b5
Group13_Song3_Vocals.mp3,8f0f73c9b25c8d3570f2746671e5aa5170e2ac1d716668dd53a66cb870d4916a,8f1d8f1c334671a652a552b570b172a2492b8d99ad5bad4ba94be8d96a9d722c,8378b6a69274a6968c5a56342cdb7665694b4b2b7d2b79616999596969596949
Group13_Song4_Full.mp3,83e8643ffe0301f8fc337d447c1f7b0c5c0f41717e057d87c3dc756328884cc9,8af98af98ae98ae98aedaaaf2aaf2aa7aab5aab52aa12aa12aa12aa13ac72a8e,ba85fc0ffc0ffc03fb17fb23793123a2039803f807d807ea05fc01f803fc01fe
Group13_Song4_Music.mp3,be2e42d998572530ccc33914c3817477ca903d47a39957656d144ddb9eac7177,aaa7aaa3aaa1aaa1aaa5aaa5aaa5aab5aab5aab1aab1aab1aab1aaa1aab1aab1,8ad1cad4dcd3dcc3d8479c5718653c6a3e36373e3738233827a867aa65a845c9
Group13_Song4_Vocals.mp3,83f03c377a13009f75307d4f7c0d7b085c6fc2915c467a93c0ee736168cdaec9,83d981d98559854885cf24cf7c0f7e2f6ba763b57125782078607a627e467ace,aee0d544aae0f740fb907ab073116ab3455704ef046f04ef05ff04bf083f293f
Group14_Song1_Full.mp3,8da5733ee24a76f7f25a699d8d1264c57372765b965b94b15a62704079588c54,8591873287329b3a5b6a7b4a7348614d6ccd6ccd6cc470f470f570d179d179d1,f040f042f040e040e440e848e681742e0fb50df51fb71fb70fb70fb70fbf0fbf
Group14_Song1_Music.mp3,a2005dff920027fed8411a1ae5a55332aadd5d27f0582a95b8fd350acff553a9,aba8aba8aba8abb8afb76e976ed76ed74457405740764066006e206e286e287f,80008000800080008002802bd68a5c5f75b57edc6dfd2fdc6ffd7fff77ff7fdf
Group14_Song1_Vocals.mp3,8da5733aa64a7223735a7cb59b126cc5733274d99a5b84a15a6abcd1705a8cd5,8591871287329b7a1b6a7b4a7348614c6ccd6ccd6ccc74b570b570d179d179f1,8f428b4a87528d4aa5c52ccd64c564ad74b578b17ab75a3372337a32723a733a
Group14_Song2_Full.mp3,c8354b67d12837bebbc82eff94487313d78a36d8d4c875c1b4ca1ec095ce5922,89508910c100d108d508d14e915aa3d3a3d3a3f3b3f315f715f735f72be72be7,950ad50a9508c108e8212ac13ad12ed12afb2cbf36be16be36bf5e7f4a654b75
Group14_Song2_Music.mp3,b6e94916b4ab77adc95636abc9425ebd841539e8c71134ae89297ed78930354c,b5d1b5d1b5d1b5d3b1d3b1d3a1d3a153a153a953a953a903a927292729272927,81138112a110b1d8b8ca34ee38eb36ab36b936b9766d766f6bcd4bec4b544b16
Group14_Song2_Vocals.mp3,c81516efc92436fa17492adfd42c3253578e36d9d5ca27c155caa8c955ce6a32,c804c804c804d10cd10cd10cd30cc30c23bc23fd13fa17fe17fe37ff33ff2aff,830cd10cc90ccb00d501aa9154f128d334f33cd234fa36fa36fb36fa36eb3f6b
Group14_Song3_Full.mp3,800277dd941c7fb95fd87b62d975451a5ff9775efbe1401257584308ddc64040,aca6aca6aca7aca5aca2acaaacaaacaaacaaacaaacaaacb2aca3a4aba4ada4ad,9fffdffd904580188014001e4012603a60926ad16ba96ba37ba567f76fa37fdb
Group14_Song3_Music.mp3,bcaa679895557356ca655bedc900636dd94419c6f7123ef5e1455826c3152d65,acaaaca2aca2aca2aca2aca2aca2aca2aca3aca3aca7acafacafacadacada4ad,c115c12088009c609ce71cef18ed2aed238f759f77da779a769a67da729a6229
Group14_Song3_Vocals.mp3,80041fed844c7fa977da5e721175849a7fdd77562ae9c10a5f58272a5fc64214,a536a575b57530e572ad5e2a5e0a4a8a4a8a4aca5bda5f5a567a563a52a652a5,80275459a007c258a117627af51366ea7dc25ec06ea93fe26bad7fd22aa15fd2
Group14_Song4_Full.mp3,83e802fff2097a4b681d7e94001f7e4c58077f0c0d077f9e00b77f1914a77f45,a1a9a9a9a9b389b389a6a8a6aaaebaacb8cc98cc904e984ebacebac61ad61ed6,9110b913fc01ed05f608ff0c7ec86adc02ce06f60fe70bf302fa02fa03fb4bf6
Group14_Song4_Music.mp3,aaa242febd01455791647f0b103d7fc181197fe2005f7f6181557f47820c7fec,abe8a9a8a8aca8ac88eea8ecabe8abc8a9cc88ce88ce89ce99dc99dc99d691d6,91589148b505bd05bd43ff617fc36906038642db429f42fb42fa42fe42fe42fe
Group14_Song4_Vocals.mp3,87f8000362be7fc8481f7ef44013745c7d07fadc6d03409c7ea2a1b97cf76447,80b981b985335d335d336ab66aa67aae794c5d4c504c7a4a6a4e6ac67e865ec6,fbb84d3682ba6536c0d8641d62cd7c5c22c93e843fc33f029fe31d028fc31d67
Group17_Song1_Full.mp3,88847ffea018721fb508761ef1634bcbb47c4387b64c3619d93c179bf33c04e2,89a589a78d67957333373337731572cc78cc7ccc78dc729c629c239d23192619,f000b030b400a01080028092c38a48b36b8e58f73e7d7e7f7bef4fef4fe74fff
Group17_Song1_Music.mp3,b4496bf38834725d9d2648e7f3316e6ec9c4341bf3301dcce2381993ee64355a,b569b569b569956d946dc834ca344ab44ab44ab44ab44ab44b966b9677c237cb,cba0c8309410941094469916183f48a66ee976e877e873cc63cd36d977ef6fe7
Group17_Song1_Vocals.mp3,cba6345c8ba3345d3338365ecae3c5c9367bcbe0344e66191d1ec699333ec8a2,c9a6c9a6c9b6997637733373335b75c974cc74cc34cc344c330c231d2319e719,cba19b22cba1cba2c9e6cbb8e3a67459754c345f345c345f345c345c345d3459
Group17_Song2_Full.mp3,80084fd3dc0201fcff550ff5979c7c4b7a3f83c07d347c28174b7d6072356aa1,81d883988398e2b662b672367c6e3c6e3e493e497e017e356c356ca72ccf0ccb,8e02fe14fe03fc16f211ad4afa2b05c10cee00f509fe01ef01fe03ec61fa71ef
Group17_Song2_Music.mp3,b80477c5cd03296be3c40dfae7cc30b6846f63b3836407e405bf65f05c4fe1b8,b807b807b807ba0fbbef1bef0be803e803e803e817e812f952f551f541f605d6,858a8dcb8d8a85838780c792e70b1cb4187d387e387c307c727f72f572f572c5
Group17_Song2_Vocals.mp3,81c87c6ba29c544752357e4512b47d497a3389cc7d367d28764b5d6862355aed,81d883988398c3b663b660367c663c6f3c493e497e017e356c376ca72ccf1ccb,85c9723483e14d1ea2b58d4e6eb637452d4e73c17d265c4330f11c4b7c637c6b
Group17_Song3_Full.mp3,8078337ff8006cebfd047f25c05c3f82cf41339e7e007fe3709a5e97dc08494d,84e2c0e3c155cb54cb14b19cb198399c391c3a9d3e9f3e233e632e636e6346f3,c000d800c800cc00d908f0963daa348a36ba2eef0ff70fff07ff03ff23ff277f
Group17_Song3_Music.mp3,b44034ffd0184fa7c34b7a97cf054be5c0184f25c1394b1e653363baf4987c8f,96829693869f849f841ba41ba449a849ab492b696b797b787a787a707a747b74,c018c000c000d200cb00db025a546d8266f527ef2ff72fef2fef2fe72def34ff
Group17_Song3_Vocals.mp3,83785b14c9ecbccb7d946d29c0da348a4d65b29e7e0234e33a9c16d59b6ac969,c1e2c1e3c165cb744b54319c319c399c399c3a9c3e9d3e833e232e636e63c6e3,84f3592cc354ade37b1cb4d73d2a34d5761668694e654e4996c296925f226f23
Group17_Song4_Full.mp3,e045082a0639634c16bb65551ebd6f1874e33f996aa234df4fb636644d383ee3,962996a99ae5dae56a647d7a753a75326d946c94789079526d5a8d1ac5998589,dfb8f6a996e7a799b667a599251835714918495270e679e64946496649766952
Group17_Song4_Music.mp3,f1cb0b3948ab78c30d961494163a72c6873c3f45179636de16bd37c8a6b62f64,f0e3f0e3dde0dfe0ffe0def0de30de30df309f309f309f301f301f001f804081,973096b4e6d4f4c6754e70ca70e630cf30e719a739332b3a0b3b0b334b3b4b31
Group17_Song4_Vocals.mp3,8e3471c68631ce4c70ab695392efcd1878c7d5996ae7959069d29a67495cb493,972d962d9aad5ae56a44655a753a659269946895789579526d5acd1ac599859d,8f0a32a196a7ad1bbaa5a599ab1a54b7691c695678c4494e4d4e594e5d4e795a
Group18_Song1_Full.mp3,81f37c7ffe817b660cc17e1c5725765456296e5212217c5e5f01790306d6563e,81d381e381e183e583e583628b628a6e8e7c8e5d9e5c9e7eaa5eaa5aaa56c656,8e409601fe81fc11dc95fc1ca85243d604fa017b11af03ef03ff03fe01ff29fe
Group18_Song1_Music.mp3,81e3393efe446f990d29764e0d5b2e5c04a97f1506747e4c0d307e498fb27556,83c383c381e381f383f183f183718e748e5c8e5e8e7c8e7c8e7c8e7c8e568a56,8e4c8e01be01fe41fe44fa5d56cd42cd51b643b661b241bf41bb01bb21bf51ba
Group18_Song1_Vocals.mp3,8d39764d45b26b465cd08db9522572d2532fae52538fa8f0530fb93266cf9278,8b3a8d3954ad568d564d672eaba2a8ea54e9549955953993a94ba95aab5a5654,8162d4b094b0a970d4b084b0a850549366c7634f7b4f7b4f6b4f7a4f7a4f7a4d
Group18_Song2_Full.mp3,a000050af87d52d655a05ffb707157f7dc312bd6562929d572b60fc460427aff,ad0aac28bc29d031d0b4d056a956ad2aad2acc2ade2bde55dc55fc54ad6aaf2a,dc3ed871fa3df879bd7da96e07552bca4bae568346ab47830682668247820786
Group18_Song2_Music.mp3,e0000e169cb957718e5e71fed70c2af9d41e53a9885652abdd6972e305007dfe,e000e820a820a820ec22fc22dc20dc28dc28dc2afc2bfc2ffc3dfc7dde7dde7f,9c3e9c7c9e7e9eeabafa72f162ab38f171e179a0714671c64384470523070a96
Group18_Song2_Vocals.mp3,8c1e73e2f01552ce71a18eb3707155c64a25ab5656e1ad5472d78f5c70d2aa3d,ad1ead1dd42952b552f552d42b56ad4aaf2acfaa5ee152d550555554a12aa9aa,803ed055882db016dc55a92a56552fea5fab67d22faa4fc267ca67c247c267c2
Group18_Song3_Full.mp3,84507eeee201151d62e64f195aa96d5f1a8367915a817bff066346bd61f653a1,ad52a863aaa7dae7a863a942a863d4a1d4a19445bd56b946faa5d2a5a975a955,8001c003eaa1e211e281e2a561666d5e3d5416b81fe91ed81ffc1dfe1d7e7d7e
Group18_Song3_Music.mp3,b80e1efe9a01693f96fb7b9583e16fd90c9053e12951777901a3737486e103b1,b863a863a863a863a863a863b8639861a865b865b865bc45bcc5bcc7bdc79de5,80c180818281c311fb21f341778776ad7bac2d14693e2d7e6d7e15fe1c7e1cde
Group18_Song3_Vocals.mp3,815168caf1429f02682e847e7eaeb0765aa786155eababa15c7e8ea96aded149,ad52ad547aad5aad6b662d5a655a56a956ad9550a552314e52ad52ada951ad52,a070572e82a5a55cb5028ea9d16e2b125dc152fd5dc76b435ba17a99799179d3
Group18_Song4_Full.mp3,8174177dfe834ab47e097ea22c097e884d957f0a7e837d2a7c814ba07c8d51ba,a155a955a955a955ac5d849ec6ba46aa42aa42aa4aba4aba4aba5ab15add57dd,fe82fe83ff81fe80fdaafd0afeaa587902dd037701f5017c017c017d017c007c
Group18_Song4_Music.mp3,803c493fffc316d5ff817ea20f407fe217117e4196c94e927c027658ab1565b8,a82ea82ea80ea145805580f581f582f382f3a2bb2aba2aba0bba0ff357f357fd,9fc3ff03ff83ff08fe41fd93ffa348b701a7006d027c027c007c037c00fd00be
Group18_Song4_Vocals.mp3,855572d9a92268ae6e2e42b4380b6e8e68ddd7aa68b7752a6a95c9a27c8993e3,a155a155ad55ad552c5d7e9856aa54aa54aa52aa5aaa4aa24ab46a75ba5dbb4d,835ca9778545b067cdaa936b44a24b2b5e9c6a957a9d629c729972995a997299
Group20_song1_full.mp3,80504a18dba759e266cd59e3fb0c766f7dbb228c59b3764cd10664a12f4d0bb3,8e568a56aa91a9b18d5b945a9654d6649564856c864ea6ddaadda969a97a99ba,dbfffb8f98b7ae8bf7ed96ec264c4292516a097359b359b02558021c24582459
Group20_song1_music.mp3,b6dd4060cf286f3d911027dfd84235a2dae63da3c25469b3c3293b4fd092366f,ae5dae5d8e578e928a128c548d548d558f6d9f699f288d0a8d168d168d378d2f,c950c9328822d9e2fdf99f792193358337bd661f664d6e4d7ef75465107010b0
Group20_song1_vocals.mp3,80506f1dd8a79dc26ecf91e16b3d024d7d39829c7db3a64c7596e0a22d6d83b2,8a468a166b9179b1753b564a564e56a455642566a64ea2ddaadda969a97a5b9a,88236309d0b6aa4956245a1aae4c5a9351aa99f75d911dfa275c7ef42cfa3579
Group20_song2_full.mp3,cd1871e0a6c9705d017737e93a8770a437af3a5f7dec6047079331e54a573588,8d9c8d9c8d9ccd9ccd98cd98cf994e994e994e194e194e194e194f164f1ecd1c,8c1f86af824cae848a4baa03c213618967f87f6c7dfc7d2c59267167716671b2
Group20_song2_music.mp3,cd1a7367b06561c1b67c61d1b3647c75b2c971f0b24b35e4f0c93181f87c2785,cc98ce98ce98ce98ce99cf19cd19cd19cd19cd19cd19cd18cd18cd1ccd1ccf1c,b249b06ebe0dbe0cbca4bc0469b269f04d7c4dd3479343c343c343e25f72572e
Group20_song2_vocals.mp3,e2487d90c799183e01c737297e87398935a60e1f7decca73071391b64ac73d3a,8166816685a685a4c5a4c59866996e996e996ed96a596a5b6a5b7a573a763876,8367c7a38366c687835bc29f8a4326913f997c3c3d383c3c783c781c797c7898
Group20_song3_full.mp3,80147d59d7eb7ac67b6b26a4c92b7fbca56456992e7057a92b441234794914b6,804480468162816a856a5b6e6bb72b352bfd2edd2fd92fc92fca2fd23ad23ad2,ab46f56bbbefd76bdbabb29f57af7a955cd02cd424742454281404944c145419
Group20_song3_music.mp3,a9595dd4d42f6a7194865229b66654bfeb095636a28256fea32356aba064d2eb,ab57ab57ab56ab56ab54a954a856aa56aa56ab56ab562b542b54295629562952,a006f006f4a7d02fd6aed4abd6af63b563394a716b512b792b7029580ddc0ddc
Group20_song3_vocals.mp3,80847f3bc2c93b9e5b6b2dd4592b7eb4056698915f7c83111fe4a93459cbac34,804480408062d56ad56a512b5b3f6b3d6bbd6edd2ec96fc92fca2fc23ad23ad2,8243d56b82c38160c089aad553a92ad57d903d9c3db43d363d363f363e167f95
Group20_song4_full.mp3,ac0d5284e1f276b1dbf271014fe875f0133319d873f21b79b1895f310b16607f,8c0e8c088f21b3333333653a4dfc4d7c545858d95ad55ad552d6635663d667b6,f7f3effbfff389fbd9e0897a496c10827e0c3005661f7605260d368d1684120c
Group20_song4_music.mp3,aef3530cc25c3fe3c08c76f0930f1d3dc2627a17c06c6f31c38a4cecb18f2e71,b563b563b563b56bb56bb56b196f492d483d481d48954a944a944ad54ad572d4,c30cc34ec34cc276c25cc014f835183c3cb23cb13ee23fe33fe33fa33d8b5589
Group20_song4_vocals.mp3,800d7ff26d4a64b55bf2a1094df066f633b389c877b389ec30895b216b72b04f,880c880c8b353333333261ba4dfa4dfa54585ed95ed15ed17752637a63766536,bca5095b9ca5095bdfac99fb430af4c6635cf684261162b4665462f4768467b7
Group21_Song1_Full.mp3,abba79b5c4c43abbc6c5656ce5452bdecc65474cd5254e4c554546a85b656449,a50aa58ab29b9293d29552b556f455747d744af44ab54ab54ab549564d4e6d6a,c445d445c445c445c444c444064e270a2fba2bba3bba3bbb3bbb3bbb3bb33bb1
Group21_Song1_Music.mp3,c4043bfbc4043bfad1114efeb94946b4b96b4794b8eb4f14baeb4514beeb4014,c4c6c4c6c4c6c4c494c031b933b939f9397939793979393b4b3f4e2f4e074e07,a90aa009c001c405c415c415441546944eae6eee2eea3ffa3bfa3bfa3bfb3bfb
Group21_Song1_Vocals.mp3,bbba5575b69256ad5ab4654d44546d494ee5654c55a5664c5545a4ea5ba5a44b,b52ab1bab2bb92b352b5569556d455544f544af44ab54ab54ab549546d4a656a,b51292b6b5baaa92b2a9a55a4a9564484d4d4d494d6d4d6d4d6d4d6d4d6d4d65
Group21_Song2_Full.mp3,91267bfb80017dfcca8b6cfd810037efc8807ebfec491b6ee844124cecc82d7a,9331933191118911cd58cc58ccc8c6c8c6c8d6ecd6adcaed4acd6add6add6ade,800080018000800082038286323f74fc75f775fc7dfc7dfc75fc3ffe37fe3bf7
Group21_Song2_Music.mp3,880277ff80027ffc85037ad584087fff80006fbb90456dba92654d9ad2a53f7e,8b198b198b898f898689868d868d868c87888fd48f558f4dcf4deeec66ec66ee,80008001800080028103839a4d166cd56ad77ad57adc6efd7fec7fee7fee7fff
Group21_Song2_Vocals.mp3,b1364ada932564884adb6caa995596ac4ad4568d6ccb936d6c52926d6cdab9ab,91379137b136a9526d526d5a6c4a66ca56e856ec56ad4aad4a896ad96ad14ad3,b335bb539365bb33932592b5552d46ea64a84cca44ea6cca6cda4cda4cda4c9a
Group21_Song3_Full.mp3,85807ffeda09707a87a778498f0d50523e1fdc180f8f70530f33f8483dbfd248,85e085e0a5acadacacbcbc3d3c353d35a575a4713473345329d72997298f290f,84018001800380018001da0980013f7e65e07dfc7ff67dfe7dfe7ffc7df677f6
Group21_Song3_Music.mp3,a4047ffec2087a5b87ef50781e5750582f6fdad20f69f01e0fa5f050053fdac0,ac25ac25ac25ad25ad25ad25ad35a535a535a535a535a535a535a535a5b5a5b5,80008201820080008202c28080013f7e75e87ffc7dfd7df37dff7df67dff75ff
Group21_Song3_Vocals.mp3,83e07a17bca974745a9379cf89a9b4427a579c3d70978f60743b888d3a82c16f,87e087e08188a98c389a3c3e7c3d7e355a75527152535a5378d368cf698f790f,81a085a18fa181ab8fe189ebbf817e407856705e725e705e707c785e7a567e56
Group21_Song4_Full.mp3,8b597c1da0665297f4a439eaa5181762f4ae3366e40c53b6f48e5bf2f42209db,8d5b8d5b855a954ab568ac6c7ae47aa45ab55ab55ab552b77296299229922d52,f406f426f466e162837a8bf603f703f30af30adb08990a195a9d5f997d195d89
Group21_Song4_Music.mp3,83e25e1da942516bfe9401d3f42d23f2cc1d33e6cc1d73e68d1942eebc0129fa,a86ea86ea86aa96aad6aa56ab57ab57aa55aa51aa51a259a219a239a279a779a,8c19d408fa04aa4ea3f6a3e223f62bf609ef095b0d5b511b552d562d56ad5e95
Group21_Song4_Vocals.mp3,8b19756e923372a455ee78bca55a953274ee2a74714a931772a6893374ae8993,8d598d5b855b954a75486aec6aa47aa55ab55ab55ab552b552b628862956ad56,a953d2a5854a9295d52aab5552ad2d565ab56d2a78b568ea695c69ec2d4a752a
Group22_Song1_Full.mp3,8fe0701fdfc0501fbe8a602fbda0741f7d6875355a68343fcb4038afd64101b7,87c087c083e08be0cbe0cbe0dbe15b4559555155517541f541fdc1fdc1fbc33b,cfc08fc08fe087c09fe09f18c5c5703f507f407f407f703f601f701f701f701f
Group22_Song1_Music.mp3,cb69301fbfe0503fa4c0783fbc8664c7b590784ea5c2323ec1c07c7f8c1673b3,cbc0cbc0cbc0cbc0cbc0cbc0dbe1d9e1c9e1c1f940fb40fb41fb41fb00ff027f,8fc0afc0a7c0a7c0bfe0afc47931485d496f483f493f503f503f501f701f701f
Group22_Song1_vocals.mp3,a5c2786e831f49953a3a43c771a9513d706bcd317a2dc4cb5a3b8ba773c881d4,a4baa4baa6baa2ba6aea4a6a4b444b45595555557555755545c5c5cddd0a5b2a,8ba8be389a39859296719f3bc1c758337c1f68cc60c478c77cc478c678ce70ce
Group22_Song2_Full.mp3,82013c9fbfe2797fb5dc6ce4e4e064e05c6670f01f7e66f84c467f120d6e6002,8215821587058d059d079d079f979f97979496b59eb58ea58fa58bad8b298b69,8f249de4b7e087f0f7f0b7f8b3f11bf1482d48574a1f4a1d581d480d5a1d181d
Group22_Song2_music.mp3,9b1b39dcfc2446e3e0fe662af4ce7446e2c66614e4f464034ec660f324e66673,8b0d8b0d9b0d9b1d9b959bb59fb797b795b58585850587058705870d870d871f,c404e444e000f430f420fc1cad0d1f2f0bad0beb0bf30beb0bdb1bdb1bdf1bde
Group22_Song2_vocals.mp3,e4044e2f93e25b1c39a37dc489a172f0196a5bb339499bfb65447f1e1d69c388,a494a494a414a5073d0f1d5f1b1f5b1b5afb5af15af05af85ae818e819e819fa,93e291f291c291f291e2b1f319c211c67f4c4e5c6e1c6e1c4e1d6e1d6e1d6e2d
Group22_Song3_Full.mp3,9fe2703ee7c0403fe780601fe700781ee701783f6701713fc741793fc701633f,96c196c197c187c18fc18dc18dc1cdc1cdd389d388f788f782e582f7827f017f,8fc087c087c087c0afc9afca6cdb187f187e103f003f603f303f703f783f703e
Group22_Song3_music.mp3,8fc7703ee7c0603ff740711fe700787fe700705fe740611be701703fc60063bf,8fc18fc18fc18fc18fc18fc187c187e185e585e581e581e780ff80ff807f807f,87c0c7c0cfc0cfc0efc0e7d07ede3c7f287f003f003f003f003f303f383f303f
Group22_Song3_vocals.mp3,b7646ca408135f1c45ab301bb755581a6d6d5abb648ddd23525d4d7b7d15a644,b66db66db66db76ddb5549974993499249924a924a964ab54ab54aa54b24692e,9be3b3c5a661b3239073887b4a2a4c1a591e7e1c6c5c6c1c7d9c6f9c4dbc49a4
Group22_Song4-music.mp3,b87c15b38b4a5d7ef842703d894e5db68fd06b6995143ca5c692949425a6db69,f87cfa7cea7caa5c820f0703070307830783078305ba25b8edf8f8f8f8f8f87c,cb0acb4ecb4e8b488a4e8a6d3e8236ed74b474b5349474b534b574b134b774b1
Group22_Song4_Full.mp3,9e1e4783ad4551bd09cc70f18450755b434274b368e934b368e3787a26fbfb29,9a1c8a3c8a6d8a6d8a6d4a6b4a6b6e43264225c225d625d475dc75dc75dc75dc,e8408868e8408850bc56b4573e023737559153b152b85ab953be57bd57be77af
Group23_Song1_Full.mp3,878877efea006a57f422301dfb3068377cc4395fd23474cb7ab1145e6cb0303f,810e810e802e80a682f43af57af47ef07ff17b915b8942ab52ab52ab56a67fe2,ff80fa20e000e000e00be10b600b0b0b0b900bd81afe1fde1fdc1fff17ff3fff
Group23_Song1_Music.mp3,82e07fdfd19078b5d50a6c57b78e78b79f0470b48d4a7c158ba260359f44611f,80ab80ab80ab80ab82e22fe03ff03fd03fd03fd03fa82ba8abac3bc47fc47fc4,978a950a9402910af0307131683168b168f12af52afd2add2ecd27ef27df1fdf
Group23_Song1_Vocals.mp3,870e70a16a476e5262e731985b74792364f4395bd3357cca7295df4e68b13868,8f4c8f4c8f44ba549ad472d572f572f178f158b9528942ab52ab52ab54aa74aa,87c586d587448f4e8d4b91cb7c6b7b2f799978997030543c7c9878b871b870b8
Group23_Song2_Full.mp3,885b1f108fec700377f2788fef6874a371b474a4b6966901712c6be96c9e6187,8f798f798f798d7c8d7c8d788d788d788d788d788d688d388d288d288d688d68,8c7ecbfa8bf8cbf08be8c3ed25e87287349f301d7016781f6809740774137417
Group23_Song2_Music.mp3,805f7f819ff000effe0960b7fff878878f787425cd6c6b009e504d41ea1a07d0,8f798f798f798f788d788d788d788d788d788d688d688d688d688d688d688d68,9e309f78dff0dfd0dff0af758b766005000f20bf00ff01ff602f002f700f700f
Group23_Song2_Vocals.mp3,9e3843d4092ff01f43f2faca482d373b709631ee36967f4b70a6fae84584600f,8c688c688965cc3444b644b563a9368b36db735b635365b661b273ab72c952df,b4b7c8268d2b0a658fe84be90ff843ed259c7200f496f013f85b701f75d057d1
Group23_Song3_Full.mp3,bb810cffeb6b66bad4b62cce4b3944ed2a5d4536529d4d522ab754c84930744a,9b6d9b2d9b399b199b1a8992891a891b9b199b5d9b6d9b659b259b3489324932,9b05bb1cf309f32fe16ee110e5314c664cf626d92ed916d816b114b314f31cf6
Group23_Song3_Music.mp3,db410cbea33e54bcb295466d9b346cd692a5644b9bb6644639b646669b7c6486,9b299b299b399b399b199b199b199b199b199b199b189b389b309b319b319b31,bb35b314b311b326e44ee353ea596e4a4e6a56685cae5cac5cb85cb84cec44ca
Group23_Song3_Vocals.mp3,bb946673494966eb5db6a9d8652b546d6a4c593666c9491266dd968964b69269,bb649b25b2b7a69264926492649a64da46d9da459b659b659b2559366d3265da,998899c8914a936b9909c90a49b5427f643766b566d366d366b366b366b564b7
Group23_Song4_Full.mp3,b82b13a0b5556e54c5e460c3c6cc64d0eeef74d4c7c070db77c844db43445adf,bd39bd39bd29bd298d298d298d298d288d28ad28ad28ad28ad6cad6dad69ad29,876d87c587458555b553755375f571f070d27e5a6abe4aae4a2e4a2c1a285aa8
Group23_Song4_Music.mp3,8e28618fb5f05117b3f871879d5570c4bb5272c7aef07097b3684697f545448a,8d398d398d298d298d29ad29ad29ad29ad29ad29bd29bd29bd29bd29b529b129,bd789f709ef086b096f454e4754470e670c56e076c074b174b0f6b0b6a0f6a8f
Group23_Song4_Vocals.mp3,b12f16b0b5576efc45216ec846ad4d9046ed6de84bc2455a4ecc2c7942864bff,bd7bb17bb17bb32b92215aa04aa442a446c44ec24ec64ed64ed64edc4ed46ed4,f387b187b107a947a5532d536d596d5866d856985af842bc52f85ef84e384ab0
Group23_Song1_Full.mp3,878877efea006a57f422301dfb3068377cc4395fd23474cb7ab1145e6cb0303f,810e810e802e80a682f43af57af47ef07ff17b915b8942ab52ab52ab56a67fe2,ff80fa20e000e000e00be10b600b0b0b0b900bd81afe1fde1fdc1fff17ff3fff
Group23_Song1_Music.mp3,82e07fdfd19078b5d50a6c57b78e78b79f0470b48d4a7c158ba260359f44611f,80ab80ab80ab80ab82e22fe03ff03fd03fd03fd03fa82ba8abac3bc47fc47fc4,978a950a9402910af0307131683168b168f12af52afd2add2ecd27ef27df1fdf
Group23_Song1_Vocals.mp3,870e70a16a476e5262e731985b74792364f4395bd3357cca7295df4e68b13868,8f4c8f4c8f44ba549ad472d572f572f178f158b9528942ab52ab52ab54aa74aa,87c586d587448f4e8d4b91cb7c6b7b2f799978997030543c7c9878b871b870b8
Group23_Song2_Full.mp3,885b1f108fec700377f2788fef6874a371b474a4b6966901712c6be96c9e6187,8f798f798f798d7c8d7c8d788d788d788d788d788d688d388d288d288d688d68,8c7ecbfa8bf8cbf08be8c3ed25e87287349f301d7016781f6809740774137417
Group23_Song2_Music.mp3,805f7f819ff000effe0960b7fff878878f787425cd6c6b009e504d41ea1a07d0,8f798f798f798f788d788d788d788d788d788d688d688d688d688d688d688d68,9e309f78dff0dfd0dff0af758b766005000f20bf00ff01ff602f002f700f700f
Group23_Song2_Vocals.mp3,9e3843d4092ff01f43f2faca482d373b709631ee36967f4b70a6fae84584600f,8c688c688965cc3444b644b563a9368b36db735b635365b661b273ab72c952df,b4b7c8268d2b0a658fe84be90ff843ed259c7200f496f013f85b701f75d057d1
Group23_Song3_Full.mp3,bb810cffeb6b66bad4b62cce4b3944ed2a5d4536529d4d522ab754c84930744a,9b6d9b2d9b399b199b1a8992891a891b9b199b5d9b6d9b659b259b3489324932,9b05bb1cf309f32fe16ee110e5314c664cf626d92ed916d816b114b314f31cf6
Group23_Song3_Music.mp3,db410cbea33e54bcb295466d9b346cd692a5644b9bb6644639b646669b7c6486,9b299b299b399b399b199b199b199b199b199b199b189b389b309b319b319b31,bb35b314b311b326e44ee353ea596e4a4e6a56685cae5cac5cb85cb84cec44ca
Group23_Song3_Vocals.mp3,bb946673494966eb5db6a9d8652b546d6a4c593666c9491266dd968964b69269,bb649b25b2b7a69264926492649a64da46d9da459b659b659b2559366d3265da,998899c8914a936b9909c90a49b5427f643766b566d366d366b366b366b564b7
Group23_Song4_Full.mp3,b82b13a0b5556e54c5e460c3c6cc64d0eeef74d4c7c070db77c844db43445adf,bd39bd39bd29bd298d298d298d298d288d28ad28ad28ad28ad6cad6dad69ad29,876d87c587458555b553755375f571f070d27e5a6abe4aae4a2e4a2c1a285aa8
Group23_Song4_Music.mp3,8e28618fb5f05117b3f871879d5570c4bb5272c7aef07097b3684697f545448a,8d398d398d298d298d29ad29ad29ad29ad29ad29bd29bd29bd29bd29b529b129,bd789f709ef086b096f454e4754470e670c56e076c074b174b0f6b0b6a0f6a8f
Group23_Song4_Vocals.mp3,b12f16b0b5576efc45216ec846ad4d9046ed6de84bc2455a4ecc2c7942864bff,bd7bb17bb17bb32b92215aa04aa442a446c44ec24ec64ed64ed64edc4ed46ed4,f387b187b107a947a5532d536d596d5866d856985af842bc52f85ef84e384ab0
Group24_Song1_Full.mp3,a36e5d66ee9108296af53eed8d364513442f7d9060497fb100eb5e805f561ead,82d582f580fb80eb80efa0e7a0ede0ede0ffa0d7a095a097a097a0d761d761d7,c0ffc0f7ea83e293ee11eeb06fb12c912654064c166d1d6d1d6c192e194e71ee
Group24_Song1_Music.mp3,82ed1638b5566897ff697fb4c4d6144bdf173469ff380c48a4231d078c9c7f00,a0c7a0e7a0e7a0e7a0f780f780f580f5a0f5a0f5a0f5a0fda0fda0f5a0f5a0f5,88749d44bd02e9c6b54715e02be901eb20a961bd6bb64abe6ebc66e916791e78
Group24_Song1_Vocals.mp3,bd5479e6e6b91628509722c929336db604ebcc92464be1b31fc8f4f87166862f,8e308e389e79d6695869686d68ed6aef6e8f6496749634967592719361166916,c239ee39e679e69be293ee92fa304fb0334435cf156c15ed196c1964194631c6
Group24_Song2_Full.mp3,81210fbfdad6788177667c478e1c799adce57b0ac8ca774242db7e0860727a8a,827b82fb82ff80f582f582d582d783da817a816a816a806f8075d2f5d2f5d2f7,c2fec215f2d7f2b5eb0af37671147bda315328c91ce91ce9252a25282d2935a5
Group24_Song2_Music.mp3,a16b4fbd8ad43b228e9c6e92ee5d1e058b187c83ca547a008bde7dc4855d7aa6,80f380f380fb80fb80ff80ff80ff80ff80ff80ff80ff80fa807b807b807b80db,8ad68a54cad6cad4da94daf61a347ff721232162712b7163716b312b75695529
Group24_Song2_Vocals.mp3,8f1570e67513789971679c6987ac695a54e5631a78eb655272d9870a70e2cccd,8d0a8d2a9caddcb55ab5529563d56b5a294aa94aa96a396c726552b552b572b5,874ad695878a57b5ad0a631469127951387838f918e994edb8eb32e578a578f5
Group24_Song3_Full.mp3,82501c7bf9847217729b780fe484781f4dee7c0541e67a9c97a07a3f4565790f,83d083d087f887f885f885f481f481f483f483f0a7b2a7b2a6b2a6b2a7b2b5b5,81a4e184f984f886f204f315739c729c133506630f7a0ffb06f3067b1e7b1e7b
Group24_Song3_Music.mp3,83983c7aaa655ee7bc2718377aa37c2794257a2bb4455bad9dc2780c85e1780d,83d083d087f087f087f087f087f087f087f087f485f085f085f085f295f795f7,85e08564ea2deb2deb2deaa50b2d363a14d214d215d057d253d35bda15da15db
Group24_Song3_Vocals.mp3,9c6307fbf950729e46d8730d859c520d4beae5940babf0d4073db0b367a51c3a,9c739c739c6b8ce949cd694d491559355335733666926692669266b267b66724,e190f850f800bc00f1d0f154701671d703ad0f2f0f6b0fef07ef073f0e6f0eeb
Group24_Song4_Full.mp3,821e19fefd217e417954667bb2847eab2d14349455ab7b4ce0d270b9616670b5,818f818f810f89068b468b568b578b558fc58fcd876d876d87658765c76dc74a,8b01f940fd00fd60f02df2ccfa7d76cd46ab46bb45bb019b035612d615ba097e
Group24_Song4_Music.mp3,c6471ff7e1b8603ab9887c79901268dd904e78a893d478b8bb4978b29b0c74bf,c70f870f870f870f870f8fcf8fcf8fcf8fcf8f848f808f808f808f808f808f80,9198b018b0b0f090f8a8e89a6cbb6fcd6f654e454f6547674722176317571f57
Group24_Song4_Vocals.mp3,919c606e9f411e414b5666abbad556ab2d1696355dab97446cf2c5a961628bb5,919a999ab9baa93269126b564a544a545255564d766d766d75657565566e564a,835d815781979334977596543e451e685e287caa7dab6d8a6cca6cda60af60a7
Group25_Song1_Full.mp3,a3667fe6cd9948d7cdc17839791c6c18783972384fd8609e7f385a0a131f7c10,a7e5a3e5ab65ab65ab65a325a3a5a2a5a2b5a3a1aba1aba18b61836193e093f4,cfe0cd19ed01ed19ed99fea00589272520bf3c3914f636e63067326636e630f6
Group25_Song1_Music.mp3,b3267efeccd9581acfc04559d2565b788b41781fcdc1781b8594780e93736c45,a365a365a365a365a3e5a3a5aba5aba5aba58ba58ba58ba18ba18ba18ba18be1,8fe08549ccc4cc99ccc8ef19050b3463301f77ba07f333ee323f3236323e323f
Group25_Song1_Vocals.mp3,85e6595b832586d66dd9783d6929269f7c12b3285a5ea6c47938471a7d8d3872,a7a4a7a5c9e3495b594a5b4c56dc56963699a6992d596959695b5152535292d6,93a4cddb83a941526da99266ed09926d7c367c373c567c46b24536643c457cd6
Group25_Song2_Full.mp3,83e45e47cdd844c2f8136f1d781b4c9378194d9b7c394cd27939079b7a1c4dc3,a564b164b968b968b928b325b325b325b168b968bd58b574b574b52ab52ab56a,f818f806a939893885d007f607b106b605f403ee27e626e776e776077e077ac7
Group25_Song2_Music.mp3,b3745ec5d93a64d2fc0b05eaf80a4d8efc254bdbf82445cbf83847c3781845e2,b124b124b964b16cb16cb16cb56cb568b568b568b568b568b168b978b971b975,f818f838890283b987ca07f307fa05ae037305fc06f666d576d57a457e457e45
Group25_Song2_Vocals.mp3,82e27d3d82c686e24a567e197b3b6291795924957d1b8a947b19353a7e9c6558,a4d684d6594a596b5b2b5aa532b53ab56b554958495ead54a495b4ae35aa752a,85e5d2c6c948ac6ac95552c2a4b552966d3979097549742ab4ad73b735ba793a
Group25_Song3_Full.mp3,87807f14807f7f80a07f7efdc02f7e00727f706b7c417c0850ff786810427cfc,87938783878387c787438763872b8f2b8f138f518f51af138f1b8e9b869b8703,800b803f803f803fa07f20bfa0eb3dc13fd07ff07fc07f807f807f807f807f84
Group25_Song3_Music.mp3,8a417fe8813f7f80801f2bffa0377d0081eb7fd4802a7c8083ff70b7df0030fe,8753875387538743874387438753879387938f938fd387938793879387938793,8102803f803f803f803fa59f56145f407f4c7fea7fa07fc07fc07ec07f407f60
Group25_Song3_Vocals.mp3,87904a1f83e18f52707f7c495a2d2aa0763c306b7e55383b7a257f68704f3e98,85928592c69656d456c464ea6d6a696a7a797a59385d3859383b3a3b7a3b7829,afe086eaa4a432a9a0fd106b81eb102d78447e147f147f144f5e4f164f5f781f
Group25_Song4_Full.mp3,86987e4fc1400f3f66b370e378e7596479d174a262db7a6469db786138c87924,a4d9a4d9a1d9a1d9819b849b849b84d994d995d990d994d995d995d995d995d9,c091e091e0c0f0c1e601e1e0062c01e007f81fdf0f7f0f5f1f3f1f1f1e3f3ebe
Group25_Song4_Music.mp3,a6db7b2ec9004b66ec0859d5dc1d63648e9f52648997557495d552248fd77b22,a4dba4d984d984d984d985d985d985d985d985d985d985d987d987d985d985d9,8c998c99ec12ec18ec00e0c011c403e413f413eb13e73b3f3f6f376f366e372f
Group25_Song4_Vocals.mp3,8f0c78de8749961d62a378e269655974795274ab62f75aa56952616378ea5195,af0fab0fab072b562b8aa68a668a66c354d554d854d554d554f554b554b15db1,81c0633383e169e1d62dc1e1d62f71e03e9a3c5c3edc3d1ebc1a3c1a3e1e789c
